,r,r_n,t1,t2,strain,strat
0,0.059880239520958084,5.62874251497006,5,14,A_r,No treatment
1,0.04790419161676647,4.502994011976048,5,14,B_r,No treatment
