,beta_av,t1,t2,strain,strat
0,0.3781021897810219,8,16,A_r,Mono A
1,0.2510729613733906,0,12,AB_r,No treatment
