,r,r_n,t1,t2,strain,strat
0,0.12056737588652482,11.333333333333332,8,16,A_r,Mono A
1,0.05825242718446602,5.475728155339806,6,12,AB_r,Mono A
